,0,1,2,3,4,5,6,7,8,9,10,11,12,13,14,15,16,17,18,19,20,21,22,23,24,25,26,27,28,29,30,31,32,33,34,35,36,37,38,39,40,41,42,43,44,45,46,47,48,49,50,51,52,53,54,55,56,57,58,59,60,61,62,63,64,65,66,67,68,69,70,71,72,73,74,75,76,77,78,79,80,81,82,83,84,85,86,87,88,89,90,91,92,93,94,95,96,97,98,99,100,101,102,103,104,105,106,107,108,109,110,111,112,113,114,115,116,117,118,119,120,121,122,123,124,125,126,127,128,129,130,131,132,133,134,135,136,137,138,139,140,141,142,143,144,145,146,147,148,149
0,0.0,2.0,1.0,1.0,1.0,1.0,1.0,0.0,1.0,1.0,2.0,2.0,2.0,2.0,1.0,1.0,1.0,2.0,1.0,1.0,2.0,2.0,1.0,1.0,2.0,1.0,2.0,1.0,2.0,2.0,1.0,2.0,1.0,0.0,1.0,1.0,1.0,1.0,1.0,2.0,1.0,1.0,1.0,2.0,2.0,1.0,1.0,1.0,1.0,2.0,2.0,1.0,0.0,0.0,1.0,2.0,1.0,1.0,1.0,1.0,2.0,1.0,1.0,2.0,1.0,2.0,2.0,1.0,2.0,1.0,1.0,2.0,1.0,1.0,0.0,2.0,1.0,2.0,2.0,1.0,2.0,2.0,0.0,1.0,1.0,1.0,1.0,1.0,1.0,1.0,1.0,0.0,1.0,1.0,2.0,1.0,2.0,2.0,2.0,1.0,2.0,1.0,2.0,0.0,1.0,1.0,1.0,1.0,2.0,1.0,2.0,0.0,1.0,1.0,1.0,1.0,1.0,1.0,1.0,2.0,2.0,1.0,1.0,1.0,1.0,1.0,2.0,1.0,2.0,2.0,2.0,2.0,2.0,1.0,1.0,1.0,1.0,1.0,2.0,1.0,0.0,1.0,2.0,1.0,2.0,2.0,0.0,1.0,1.0,1.0
1,0.06825821152023547,1.592583204243829,1.105803004204861,1.4699425822658312,1.2626321211240052,0.9560612124808866,1.232474242571135,0.3441050598289996,1.2392517805491123,0.9521290522203555,2.071682022649105,1.9910621497086964,2.9991501361137853,2.258933118484946,1.215794229564681,1.3158122502454033,0.8947369959017089,2.220514143362619,1.0121250030355338,1.5053126455084689,2.27337034950352,2.110792934749005,1.0842078315807606,1.0574930393758322,2.0722777027578307,0.8944224033616747,2.1460488462246214,1.1921119099087734,1.974006367428331,2.06292933092199,1.2918948681757274,2.0136828941239755,1.3218714859834002,0.29052070062307395,1.1881958978013893,1.0891177322737216,1.3884963122323024,1.069551799260689,1.1805803963718744,2.0184549839800057,1.3203903614855608,1.1396235436434001,1.192916854470555,2.241420974707706,2.491602039890176,1.4244243353907289,1.487893623657967,1.0246096262730746,1.1608461966304282,2.2035991669465043,2.169536952140343,1.3507297002792742,0.37334022867513633,0.11255784832025134,1.286926240572294,2.3714894680698375,1.168721922350351,1.1315089631852895,1.4885205083701747,1.0550064580250358,2.240437167982866,1.1482796427675293,1.2859861374508694,2.247927927187417,1.1831553833675712,2.2835445447769063,2.033392899128371,1.3040341553469854,1.8964453376302688,1.0035959926056877,1.1588669089225,1.7582375021267076,0.9886726626350042,1.3046821286189463,0.2525365943370819,1.9076026258845795,1.2005695341928058,2.436299868220409,2.150737973687164,1.0934667620722196,2.1118024004480205,2.184583438688689,0.2537100247135403,1.0346891013491932,1.1443813474545672,1.1366347455591264,1.1342053464849542,1.1541415153357206,0.96198527072347,1.208969975416677,1.0604654569142247,0.7213018911223201,1.1406692045741913,1.2315889009454435,2.286471697259717,1.1335074984742648,2.4968163495768643,1.9781437062662723,2.2835898366201772,1.221734316126685,1.8870432717087002,1.3057179022178018,2.1999301544923013,0.16541209097319162,1.2673485604247448,1.4024703363173567,1.0751813166874946,0.9008048450765284,2.0886361468446055,1.3800995974534966,1.9372284307246759,0.1562736085812235,1.0451059682043682,0.9860739297155441,1.0723908335843404,1.0230444567476538,0.9606624367573237,1.2612449257216747,1.6949207788829206,1.9507149320326296,2.3029383690130234,1.115441836847082,1.1918727340078608,1.058774937407422,1.0890713416418045,1.2976805494516834,2.12238573936945,1.107369251395492,2.364318621273706,2.208923588352641,2.1562081398301287,1.906098069846276,2.359526290756361,1.080672275426994,1.029900138726221,1.0326958800516435,0.9867813281211645,1.1929350663672875,1.81883427592498,1.069730010910366,0.26306803079670626,1.2480482135998399,2.066328152494218,1.1348360297832552,2.2097505358191603,2.0710077889013063,0.3589497450742374,1.176914978195282,1.1348455756046416,1.1173882489068292
2,0.21803873023601447,1.4474828542024076,1.2173343719971126,1.829717805988285,1.536253682390104,1.0423726798580502,1.4717756918903917,0.6862966007138112,1.570204221374955,0.9983356653271369,2.2212197408900076,2.060023866221889,3.5136955773395684,2.5438782726338105,1.4710797920816605,1.6376620832172775,0.8925805837895657,2.3886850261239734,1.052798575570686,1.9523094185057481,2.365860969430627,2.2945170622086843,1.2028041863299817,1.1010225893476608,2.2246830614227706,0.954999136381,2.4039070750457014,1.4479883887116833,2.015377678322117,2.151914114778573,1.5893916333938416,2.085855631873811,1.6937857772128455,0.5924361541666346,1.369377680980348,1.332063223357881,1.744140909156804,1.176955575034203,1.3609622040973373,2.0965045129449593,1.6644053769018072,1.3703689778142372,1.4941874439045706,2.3105889316415715,2.4866390633103133,1.6995953664415926,2.018965784573993,1.0927505288582795,1.4247156140242223,2.371021224957473,2.380932054090706,1.6924799725114497,0.8381096316000745,0.39552368557864637,1.618073534233419,2.642618429503235,1.3960584045288544,1.272871618092846,1.9485369928979626,1.1893306983523102,2.5432914084294107,1.3341679312790262,1.553294807432692,2.5552404674151985,1.4207568398582144,2.5754431424807462,2.191433937452762,1.6668238259517567,1.9840454895869086,1.0428367177946716,1.265049717800996,1.6444325812863227,1.038740552327504,1.686704010407887,0.5656602361221741,1.9601934176625595,1.4053055226471944,2.7370867136454424,2.3934321353888555,1.193487778658866,2.242526351143648,2.5076147672688536,0.5669926815351105,1.2063485890954362,1.3185754949313464,1.3450225398798634,1.3249724033515426,1.3667571154227174,1.0608804345656648,1.3440108633413246,1.1914714826877446,1.3566371628086158,1.2403239923898925,1.4545101617751772,2.59265067544801,1.280480196991822,2.8291704289980513,2.022984308396834,2.3599007241885532,1.47988470585018,1.849989219235573,1.545169307363538,2.4253042655323154,0.355396543127235,1.5659717025094466,1.7672115704993703,1.2005328392633583,0.9829133894947382,2.248013682304722,1.6532092805139929,1.9581351732943073,0.3421429626426486,1.154991528163174,1.0455591334122942,1.1715427807193401,1.1853945167271522,1.0059117733161118,1.4926906534477729,1.9474302631107308,1.9452855906348367,2.6111837464167578,1.2764754695817981,1.3729269515404254,1.2212689706396056,1.2132044400889967,1.7099630106660746,2.3178817451977367,1.265325434634669,2.43085609262418,2.4992014565472274,2.300567585620132,1.960738905920524,2.5701499912883503,1.137610577100788,1.0853895439937242,1.1919114780036448,1.0435947441587456,1.4769577237399274,1.6948200388065848,1.150851108571416,0.5331389370141578,1.555703781079805,2.1571749227476715,1.3285591914991164,2.437549563858596,2.191213561785796,0.6184060602423518,1.405407909828019,1.3228338570393452,1.2374743716599812
3,0.4038360095989168,1.5559040591209976,1.3656974697823363,2.214829425244356,1.8368869013726146,1.273954517838518,1.7804084695209634,1.080258181783639,2.0127468871061085,1.1560975163506304,2.5041526923359125,2.2826578242016233,4.051581571687861,2.907977256437527,1.7877486287862148,2.007318073428361,1.0175530683447012,2.6632415534235276,1.226729484730804,2.4651221993553483,2.5541080086702164,2.6095275078583513,1.3765716959543266,1.2085750436327867,2.508623213361992,1.1609168234286409,2.7771198222772835,1.821263541874435,2.1412144566159146,2.331544374534075,1.991261522245857,2.276888977041347,2.174601193909538,0.9544099338665527,1.604287429137171,1.6536939172583898,2.1272377983826316,1.357204337769117,1.6093141118730439,2.3110171223130536,2.0669250134240973,1.715833598243583,1.9337782414322495,2.5215705561647974,2.739776363333905,2.004639974512043,2.6211712264999916,1.215175325498055,1.791952869740324,2.6289970161979848,2.65340676402017,2.117900382658472,1.3929257689279193,0.8071595639223855,1.999241466854849,2.9633835077754638,1.7250833686496343,1.4761614472909654,2.4667213728211514,1.422325330935012,2.930919359006357,1.6054514731331344,1.9284681630756306,2.9362311488827895,1.7419889766512422,2.9470039833729116,2.466581694227273,2.1121774230531076,2.2379256581436047,1.1682028501290949,1.446416867933413,1.7045393824519055,1.1628719689866966,2.1975771594907014,0.9575370368919013,2.1813201229073544,1.706227295187353,3.104031011137348,2.755503196861467,1.3476557282663673,2.468003455946898,2.985976671234527,0.9388214612448212,1.4795910073637082,1.6359376913285757,1.6682088184875956,1.604836739493779,1.6737206933194684,1.3034582961998809,1.5376026794651032,1.4566160005763595,1.9175604859462252,1.418014288575239,1.7237752063333758,3.0029204582457774,1.531599596233823,3.1726733454737244,2.181883230388979,2.606089421596641,1.853861426771362,1.9377329506544196,1.8253012933896244,2.7519357680550014,0.5979987989036483,1.9542278318866138,2.1713403811426355,1.4126949308162715,1.193935356866825,2.527706240669705,1.9481491662420056,2.0734389120951215,0.5666721720801053,1.3418126025657506,1.1980984122189147,1.3219458164041862,1.4778423427945204,1.1428062333835316,1.7643917575547732,2.3726243634354307,2.038373195545266,2.98440091952134,1.5013462634252202,1.6469730871013077,1.504094942555098,1.3738759449228797,2.2084558114274704,2.631337471866022,1.500140425778052,2.6110715069672947,2.9295839979120575,2.5321515266135908,2.1585988846758064,2.850943677010046,1.2565283358157548,1.1977563150741157,1.4557881874257137,1.2010238969186788,1.8525675584872814,1.7167396171050155,1.3137192260223571,0.878004367049728,1.9200988928362306,2.35194091804991,1.6160911734570536,2.7385472006270177,2.403327120789989,0.9261532432704827,1.7488041687309404,1.5815167528696346,1.4027994112791196
4,0.6231051873502865,1.919948133890967,1.617572089200436,2.7587556236375987,2.2254205682136243,1.6467213240229557,2.2412393951298517,1.6028347063287507,2.602845524571859,1.4677073502248204,3.0096288550950554,2.7085050435670004,4.842438984018892,3.426648999464677,2.224389459441234,2.5002648127963156,1.2797185061718055,3.1741226990025813,1.6123972185855757,3.142098721762805,3.017276708395055,3.147878508069521,1.644826504261867,1.4266081486384448,2.9858304004390006,1.5281103682831054,3.3060398458910196,2.3853840895248557,2.403796230614416,2.65369226660855,2.590406657827192,2.67385614520931,2.828460482296243,1.4303867157751058,1.96574112963782,2.086370628297684,2.633151555651782,1.6662656316135425,1.9912732313511043,2.7309248709163345,2.5851461327622265,2.2154298559837917,2.547360417099235,2.9912683626083574,3.3680888176566697,2.4805259645639532,3.3634115354005294,1.4509767467899533,2.295312640864649,3.055661092119433,3.0514549936056636,2.728420735973429,2.047633531689651,1.3502862243955434,2.5103454201874262,3.4713787907424303,2.2048061820528773,1.8215347250214051,3.1291204709129405,1.796369078367317,3.480484462286527,2.038547731872559,2.5054842350639634,3.4454672570031035,2.213699146312339,3.492793622311442,2.904924213147475,2.7066265595551324,2.7047692654268323,1.4352219704464442,1.805818443489085,2.001686264431097,1.3960874848821916,2.9036748038819415,1.4703267932896638,2.6203475078580274,2.1837761810164307,3.6848055912398237,3.2833497277237678,1.6068400134122445,2.880601712942135,3.6884981721620624,1.424594262865759,1.8660569024908182,2.170359038647821,2.1638618858251455,2.030891389189975,2.136119585191638,1.7136785981531866,1.8867141435079622,1.9403348104604627,2.5120464849090576,1.772219902512774,2.1207653778124174,3.617273715642964,1.9524990472721706,3.694504320817366,2.5211180064995187,3.082774984630525,2.4468283552831878,2.2210249249645075,2.233374208462932,3.254854623019901,0.9358297571396946,2.5227728175049164,2.705365982486854,1.7700648609278162,1.5589456854021628,2.985728654463898,2.3825577918899152,2.313488793105553,0.8809689097883049,1.651981895710421,1.4882366412979828,1.5666770844060434,1.9201541922781498,1.405685069668114,2.1611930494992695,3.0360081419536824,2.3075267916806075,3.5023867056925617,1.8347938594232902,2.0986465991462824,1.9397408966135778,1.6147296538571423,2.822585432159479,3.127642269498375,1.8528826182225204,3.0261270527662525,3.5944614863368214,2.94381312272618,2.5368873685292366,3.3463230479559667,1.507785540789906,1.4212312658255222,1.8319669121306992,1.5261926025370105,2.376789372867992,1.9314996280177423,1.6395987468260655,1.3745172719744625,2.3683316754751265,2.729251257614328,2.0597924486058985,3.1900167034569535,2.769272760530832,1.37221819542211,2.2875552180998544,1.9443662179120995,1.677568887138032
5,0.9045480742419904,2.5329883166400893,2.0472936037653593,3.553241896962443,2.7728284019949516,2.1827382609147072,2.933142542931059,2.3344230238519454,3.39041687046115,1.9906982847499906,3.8342839890364564,3.3756084417537515,5.994013309585695,4.1740985340929315,2.8488803364467956,3.183258272294852,1.6988353845035145,4.014324577769591,2.2591955478363914,4.066155402834567,3.8348077018040585,4.010939547505281,2.0561266097265336,1.791681338935932,3.723266847836619,2.1001340807672544,4.044802457899968,3.2204480051166176,2.869177407068817,3.162027259575469,3.4750786614320375,3.3661988036174617,3.7256708396267,2.073483196763704,2.5177504853666637,2.689422662584706,3.348420546794337,2.1679093879908553,2.5578748695859836,3.4242403697606054,3.2850842772085556,2.9224749949880446,3.3803360387196437,3.75751421587801,4.361078353323667,3.230787463002777,4.327588638748602,1.8704919712744832,2.979594810164259,3.7083771681459043,3.6555204000375308,3.6081189983792545,2.8374833397682817,2.059144805574684,3.237248371227038,4.274790231818722,2.890879696194785,2.3963676393726527,4.007749254447975,2.360873228172899,4.289492893167345,2.720542967281634,3.3545050980786946,4.150909220402345,2.9168180654513103,4.302947198138733,3.5739145090024613,3.5356066707578724,3.4307472748314343,1.8995050039149766,2.4185755755984113,2.584541514401883,1.7913253481127647,3.871725235248553,2.160181714361335,3.3332770018966866,2.8982031631820933,4.578087119755768,4.039206594759059,2.020405780913221,3.565610519431299,4.703561472919051,2.10400255981793,2.409319113938555,2.982753935967152,2.890508037445049,2.6716003103192167,2.8211564565264373,2.325916319079563,2.4642263825436,2.7122025679422133,3.2502900808086657,2.376272895896673,2.717045015302255,4.529629186328528,2.6027699734224314,4.509179625281804,3.112666203448056,3.806083239399264,3.3487229040055526,2.772801607596073,2.8379374142780667,3.9946519561734926,1.4225596879658904,3.3585614325611592,3.452028305577767,2.3393847475070033,2.120024993300249,3.685542655854809,3.0485687105521553,2.727704819744108,1.3508631708561112,2.1536241374662253,1.9781196834959016,1.9594127824014265,2.5569882469894183,1.8422422494775124,2.7667491486501374,3.9684826494431196,2.832353564828283,4.241634326086986,2.3415625200983907,2.797626799349706,2.570830676680902,1.9975352735501624,3.6063180294880746,3.881104929838739,2.375527636042151,3.7368605070455416,4.595810104127003,3.603360740947854,3.1600970067755805,4.15043218940294,1.9422874684591636,1.8164963027028365,2.350119725992697,2.078898041048598,3.1293974685568156,2.368249990947314,2.197719713054187,2.1016240819175698,2.950961985385581,3.3603231092666577,2.7312865225900227,3.8712058371236657,3.352198950932529,2.0118366768199785,3.1044839671352324,2.460700748025511,2.1299482780714376
6,1.2962744564591833,3.394618816279915,2.7346393838599967,4.65833522265199,3.5488337637544176,2.9416990220283283,3.93867189631546,3.3589289306627514,4.434824644394956,2.802690931335005,5.0823228361717545,4.322944127014251,7.566127184526105,5.217167186446983,3.726752052358257,4.109117090684112,2.3162841056773438,5.257957402928372,3.214413814941509,5.3165144039814995,5.035979854213393,5.307941482019867,2.6676453498544337,2.3502913254913613,4.7978466882789315,2.939100547544522,5.053802457773502,4.417889129454794,3.6133543424141235,3.9015014108972346,4.738744754137074,4.449148006725428,4.9490038768197255,2.942147477518963,3.316784725967555,3.5252260146954084,4.338553548170703,2.935549535022795,3.3579723916988407,4.4695576129749455,4.237779013437638,3.9030329015034364,4.490597214688008,4.841549844370574,5.723608303123606,4.342230699497967,5.599232146196487,2.547898473356687,3.902816304443286,4.637903603226965,4.548995443814602,4.830317443363313,3.822023924837644,2.990357700592441,4.255958291642324,5.455654469293738,3.850361917158071,3.2955223425342646,5.165272108234317,3.1693052832411737,5.461804192583614,3.7533707517605963,4.538621029943958,5.122951055666681,3.938399638776565,5.4582787150583725,4.548392246269919,4.69403504491547,4.458510873696982,2.626074489547016,3.3590816776441215,3.4965875200997916,2.4184323065815096,5.171503563217543,3.0945996176397492,4.3868497230748975,3.9066755999531386,5.8553439057218934,5.098457710896311,2.6363880875456314,4.608395817896803,6.1304813607459625,3.0709822501723645,3.1754987133911334,4.139800553270522,3.910599436117757,3.6055517663826344,3.799771025373224,3.187225488272695,3.336200484627563,3.8356488717510895,4.213993892320099,3.304576463861177,3.5729379646370227,5.83032547275138,3.551804532054497,5.68914974114024,4.038088022912254,4.796269787912664,4.640747524579338,3.6746678220886815,3.699011755932681,5.025720224694425,2.1267315245901446,4.549403421605347,4.4849754486158915,3.198897738903657,2.932972983063817,4.700461166457605,4.029782795987222,3.386175278749278,2.052949794027964,2.934912017804787,2.7503635047163697,2.566537058172728,3.4558615326039046,2.513385004898329,3.6670516953377645,5.203572307020216,3.7013756085648812,5.2699184020450955,3.102611022121631,3.8124938605738015,3.4480860987803,2.5950875210258535,4.621539055252583,4.978408204207373,3.134420620460137,4.802228739902522,6.038369269467742,4.565435771652934,4.113783196830249,5.343210112368968,2.6118872924581438,2.451267814756742,3.0603734513718623,2.916290485866772,4.200917024890488,3.0556443568893634,3.059254337792434,3.153060260080947,3.728180956346781,4.314166538325174,3.7065393060939194,4.860273158706117,4.217381839158805,2.9007462984501213,4.293104363545164,3.193874303773003,2.8337016953852823
7,1.8610277699647924,4.532352101328392,3.780341990040104,6.128579511723141,4.627379129819612,4.022104951047601,5.363201446191987,4.777130425791126,5.806344530649776,4.016608199216046,6.88371968716482,5.601902668301426,9.619094399140497,6.622236522186918,4.925372393698921,5.328228796798481,3.2025107478188883,6.992508559485982,4.5570687815114574,6.985829116827183,6.656530213218135,7.171838038695642,3.5521321508020973,3.174943429672084,6.309164356373619,4.12760165608504,6.402214627196836,6.095377645651712,4.732244970493514,4.928986097244426,6.501222778701771,6.044789513253502,6.604202767009627,4.11082570108712,4.425784668481264,4.662592721765746,5.6596117035394435,4.0652231009982644,4.456033797400462,5.971629761442605,5.524340889391082,5.240456273248659,5.9533129803960465,6.2884663641301435,7.521513788868492,5.91914837440357,7.273329784520196,3.574130291589347,5.141714541634982,5.90589535336676,5.82349639973978,6.479301808108042,5.081886459287782,4.220561910863732,5.643563490079672,7.089905446209225,5.1712715000358545,4.638768952477525,6.667543351559979,4.289237764583465,7.113104166962544,5.273585953905406,6.134566182631442,6.436495382893602,5.379616901808811,7.041465131774343,5.914782657882731,6.292449109390408,5.845648933787865,3.70839430530669,4.734464293014973,4.801905079957518,3.3724748188785236,6.886353299828152,4.357246796716668,5.873177215746052,5.285886879010018,7.590232346685858,6.553881290180346,3.508319872242003,6.117456726157974,8.086880575094767,4.441520314202482,4.2522345654383225,5.733370715645905,5.301925473197928,4.930466144437912,5.156488718054651,4.363715308578149,4.586211435314187,5.395486503390297,5.468225199112123,4.666215923236119,4.751803344954489,7.622216316419631,4.896569813451086,7.296111955225534,5.403233402778911,6.098830983114082,6.420729384536549,5.038467607839033,4.883846909838566,6.411944939987179,3.144086604601137,6.205850009065029,5.8805871454172,4.452963983814995,4.081411666935837,6.124728640620479,5.428567455981846,4.3878353570903,3.0861846257278316,4.115826752617032,3.9208501960735846,3.477925239102561,4.710148511901605,3.5032666250241675,4.967071656674657,6.801626337057111,5.033773556044772,6.654013542210448,4.222413352746541,5.230038823160189,4.635728360149412,3.4996146444132274,5.9350107401300045,6.530208526120296,4.218903629138295,6.3171338362770895,8.042342663802424,5.894687237843132,5.5105820947816335,7.028373084548407,3.5923808327614415,3.4142486149954845,4.03450423938507,4.117632260883098,5.698203058518793,4.041032374444815,4.323708549037459,4.658899641633317,4.7656067001551365,5.671217122380298,5.077424699072036,6.244020163028116,5.444243776254092,4.124608564287658,5.977518752864871,4.225068123477861,3.882342067895042
8,2.6804362318346255,6.0125692006640925,5.329352216835387,8.036435777004389,6.09936761124505,5.565284546919107,7.355576197494622,6.72496281042841,7.592264887467476,5.801767551581558,9.419111502921993,7.285695108690831,12.242513915341394,8.467022228907116,6.525512900464116,6.902907010310905,4.464075280675213,9.347932683852866,6.422275122116128,9.196584615933354,8.77468666197397,9.78266932487549,4.809110269615879,4.377568108499789,8.39531651228868,5.779036721420866,8.175213152050377,8.415628563636357,6.358772294489689,6.322842889371548,8.932001222968543,8.328808256243185,8.83251573904609,5.681218820517496,5.930327023199082,6.189117394793127,7.376413504864878,5.69384102663565,5.945510115720753,8.078436395037109,7.245661864492495,7.044281332314796,7.867548139195122,8.1857299757635,9.882313530244575,8.11436896704288,9.466473723231012,5.078370689639211,6.799049769416521,7.60001296383621,7.593622582807607,8.671946864891417,6.719104181446179,5.850106974155849,7.496703114509214,9.270684275706818,6.974486437147578,6.5962137057159165,8.596493516181365,5.816129956102281,9.38684817837922,7.479144388718013,8.250977580121301,8.17959756700672,7.3720385010167915,9.153551060394214,7.784254717275754,8.471882514365145,7.681660044566048,5.289699355962712,6.7133001660024725,6.608789004048802,4.789717545238765,9.125289730137487,6.0574847716751625,7.926453401558058,7.150061021868962,9.883713845820516,8.525142109838889,4.70493432592239,8.24995998601845,10.723595392528775,6.371618045628548,5.755301880018013,7.8981927403021,7.17089205140283,6.777707948131603,7.004059923674197,5.948509234394714,6.338355463505664,7.523939682943824,7.084118530288345,6.633454303115297,6.336788851130141,10.040091782986003,6.77920514749338,9.410154206865075,7.357408646029134,7.792721761557615,8.830078784423275,7.031967949008182,6.482289935191361,8.241100433995076,4.615006918937878,8.484489165107886,7.733486103688553,6.251625406605835,5.691442799000097,8.087058013984011,7.3914512248567,5.8749883335134445,4.59148442571255,5.869531997419412,5.658973451728825,4.823210734221669,6.4473934746548816,4.93452793014796,6.8120429277896175,8.859823390199836,7.006291111674573,8.472042853424934,5.844962789923386,7.173972224400877,6.220662849710534,4.8403440438157315,7.622966415045181,8.686790203782836,5.753450568667719,8.435297972231316,10.763246412160163,7.685913017148831,7.505000216536572,9.362953147996631,5.001025963369623,4.835099599459355,5.3703762916516355,5.808816748106128,7.759311552435426,5.40573885465597,6.144819503767269,6.8100437985301765,6.13869410045272,7.539124974421271,6.970116001178888,8.132655460156256,7.141036445939412,5.816515622116021,8.335394279801738,5.662319690942361,5.408545367465133
9,3.8666728505506405,7.942231044354685,7.597857691520357,10.487541369441493,8.086829195934609,7.7680340762670195,10.128691697395505,9.393004000103351,9.905209904333997,8.410693540836991,12.946490564680799,9.476967319343075,15.569577660263516,10.852235656949908,8.634160118323964,8.918909251546797,6.25403280112859,12.517789175266577,9.017714673241985,12.115204463763087,11.525802049903527,13.393552946451429,6.578619526718155,6.12425687761458,11.250011011879455,8.052653204286422,10.482718304379674,11.60727960450788,8.68361723571308,8.191536278852185,12.273007760715103,11.558632944045538,11.824927856944889,7.793713651950858,7.952544617108463,8.224253637209568,9.577789730357843,8.020611157107368,7.958372246114805,10.999692417460732,9.533959440973248,9.461859167876394,10.364373918244771,10.668758231581045,12.988159177026898,11.153798040832779,12.330089799813853,7.252529674585654,9.012564137082187,9.844872833789232,10.01445274924115,11.57460579466291,8.862261164573288,8.011323108315738,9.94863540799815,12.127586689139253,9.427245837468233,9.417773959841298,11.060646858656568,7.886499310890582,12.474036243291877,10.660842373159408,11.042923444356656,10.464099958867223,10.096889277074421,11.929738500728039,10.308188260089096,11.422346250135702,10.099005988692896,7.586030505328631,9.551069360002655,9.08704435314597,6.869908503436431,12.034541745960452,8.342697660365358,10.739772215313074,9.664378984722715,12.881555850998852,11.171332449148274,6.320230097477696,11.236061335742754,14.242328717311933,9.080754043109513,7.841179830194166,10.827956087024251,9.665507230319594,9.32974216373369,9.49904610300687,8.070876837942881,8.777042867189168,10.42038751755405,9.156618875326691,9.467202898449518,8.445021644127593,13.269105767846003,9.405214619440265,12.149307123612738,10.114948120205169,9.992866889462917,12.075919935751914,9.9060299017493,8.619801168518674,10.635941831612001,6.746568872407578,11.608993163003356,10.170909104876266,8.81318636331098,7.945984337177329,10.765140083685127,10.131315404699597,8.054130595959752,6.7763378421646365,8.451478058884081,8.21510515687616,6.792763353363506,8.84258787122166,6.987081950948276,9.410193092029646,11.515780263412143,9.883306531175903,10.825402931243506,8.175885907557216,9.821921670385862,8.322782485260957,6.80655186139518,9.778715491526023,11.656197472610582,7.913249661747264,11.385354575556716,14.413109216986689,10.078135886564947,10.314085753778729,12.579571238605833,7.011616569117909,6.907650172360924,7.2002253694869855,8.182348511557459,10.572249460858831,7.275859657377122,8.755203854380916,9.886380229656309,7.941362784151398,10.067967702851847,9.564470215783588,10.675242487208813,9.459025172871623,8.169763228340722,11.622377358720165,7.653433338217486,7.606315382948897
10,5.579890827687792,10.469333049940332,10.906215250963934,13.629979438156163,10.757027630168906,10.905708978135644,13.98306418300914,13.048016575349076,12.89253501308212,12.2154489783529,17.831109566581222,12.315040321566961,19.784286675075826,13.911732068181935,11.396534538593995,11.493818181955591,8.7885744200301,16.776637653430388,12.641654069673159,15.965820004641678,15.106888419822631,18.359836773017065,9.058045036971306,8.656000341007136,15.142219193941802,11.172112265375413,13.468661637760826,15.989547253137006,11.980205319130505,10.682686067512526,16.86383384097886,16.105480050854073,15.839329434064357,10.640539706442858,10.663552924295695,10.931675278857137,12.387085691279282,11.33341694991023,10.675156540185236,15.029037656874426,12.565471320968706,12.69242725371733,13.616715463117758,13.92418491703163,17.078479708001982,15.36014498361595,16.06369832586728,10.379613947987618,11.966417048219293,12.811289082919766,13.299754524658134,15.417565032618198,11.67596981399528,10.880383890033087,13.183721068465525,15.84130886533269,12.759412802247613,13.468751195253633,14.203787278862835,10.691239546165775,16.634689642167782,15.242047745829023,14.725145090728212,13.436483041506248,13.80626819049157,15.553364910012816,13.694137291952181,15.40357588857924,13.281699899490784,10.91545726608059,13.620679571773142,12.483575528860111,9.90622153883645,15.80910836175015,11.413212678534736,14.584175523771975,13.058356311515563,16.786999187135873,14.705912116612867,8.483617801348936,15.40526353164767,18.915093346708296,12.880640944794383,10.724690431745923,14.793019551010305,12.989003384088917,12.840844900463889,12.858327139449386,10.907410162305302,12.167355066510984,14.3696461138676,11.815180704325138,13.548400944107925,11.239695698695964,17.56274968520426,13.065717257893317,15.681498666502366,13.980940110070527,12.853128918112532,16.451181289288648,14.027195901523653,11.469477987587744,13.763710970679686,9.842166892179275,15.892450629305953,13.365538712125295,12.452131131877065,11.103340631936442,14.402374349843381,13.951038585953581,11.224823735974656,9.946176955372035,12.238468759237026,11.958208443480848,9.665526137574393,12.136643244667777,9.922110050634602,13.058683107307049,14.951872961465392,14.054058230748144,13.849002876814485,11.511010621996366,13.42329577417478,11.106082421707976,9.676831373503786,12.520944986020494,15.725932582103264,10.944680248624012,15.490118648168362,19.282350824686976,13.265918762956193,14.243830209813364,17.008628238964732,9.873516119439442,9.918504674262065,9.703233358719636,11.518033655599151,14.396320226338576,9.832445387377517,12.495606421726007,14.293582557619521,10.295927663270527,13.465546490057216,13.11438106787917,14.075295275849749,12.607203543666452,11.455212624732097,16.201130362310632,10.40259547184183,10.757809694144804
11,8.051744382946724,13.788067563094936,15.723818125613649,17.66196468361696,14.337825979870116,15.36694000839469,19.33811252014348,18.059899607044173,16.74695439255841,17.75989209845004,24.583422418461357,15.984457522686325,25.128029775852077,17.821971254670917,15.00809259968008,14.784271771722416,12.372285759902136,22.500477255833324,17.711404509892727,21.04671123293236,19.78216596656349,25.175252285272183,12.524161036965168,12.319900404560173,20.441261937393403,15.448920989468439,17.321161721079033,22.004250164473916,16.637252345978688,13.994289889802937,23.174674124569062,22.4962757576373,21.22268427998397,14.482885658741534,14.297375822221746,14.5327020444983,15.970094072660673,16.044373984883087,14.339282672377559,20.573318554869928,16.575161299771327,17.00457505844767,17.851693205200057,18.19763754334529,22.46473076406147,21.183744088287643,20.929535627063096,14.870912257989659,15.906296898425984,16.727259069232606,17.74236087641416,20.511571482821036,15.3740902712667,14.692784404748457,17.45190991445189,20.65663704345088,17.284710731561653,19.277437700676213,18.21357195494014,14.492094654736,22.222303243227973,21.833870455184403,19.587588462795235,17.289174246782178,18.848359279300787,20.269763302548476,18.22380056368248,20.76961598824725,17.476052073144288,15.740069635108014,19.457261557723484,17.143004854969,14.326968591897753,20.70606067382375,15.540975106864982,19.833610569955226,17.643982542526057,21.87326764112995,19.414896120554545,11.371305583742885,21.22078827782295,25.106958840966165,18.212498621272037,14.702324462521522,20.16380794184789,17.416381236324643,17.663379238297296,17.378715246768714,14.696690035194013,16.881674235842446,19.766016665519167,15.23128572448036,19.424866714335657,14.942793255472726,23.263257176191214,18.168200903360805,20.234014532723965,19.385027259388593,16.573168167492017,22.358712091093416,19.922619290945303,15.265781996942515,17.846790556228314,14.343986188008174,21.766583373687894,17.548717292721285,17.61713045530582,15.524718559259457,19.32937975303194,19.274771523116705,15.820371040806082,14.547585501343738,17.78361102746647,17.429343285760687,13.84811677939922,16.661327432399176,14.11508394108649,18.17721848104083,19.404038081265956,20.084199162762182,17.720779832694255,16.27467133947999,18.32192223540476,14.79184259465511,13.858838595548102,16.002255138999192,21.290896798655414,15.193261233041675,21.196492548419865,25.764749800767593,17.512613757235734,19.723719069088293,23.108112246490105,13.940244886352527,14.286285823879204,13.123096010927348,16.211968512285072,19.58778588472138,13.32568961278234,17.85647772910564,20.615515999863188,13.363602278207368,18.01515445783381,17.972482194906885,18.608268858093467,16.870354761503656,16.049405720688114,22.5803069527195,14.19195207607451,15.269391058471378
12,11.617602385712603,18.15086400811542,22.734116960595397,22.84170484827593,19.136780958218722,21.702665141342493,26.776205931539142,24.938322367375743,21.719332913174547,25.836394740397772,33.91114466799766,20.72630040801692,31.909555724767905,22.812413331196232,19.72846529463469,18.994316855647124,17.434684610092994,30.196021423480754,24.808239601050765,27.75219767489672,25.895952804120807,34.520399736454394,17.36346562993952,17.615556820219506,27.650849951245767,21.313682859687486,22.284654945787366,30.25964673937175,23.203788452710985,18.389749959559836,31.852505545254353,31.472721104695943,28.44066676618469,19.674320241701306,19.16957750354131,19.323414966966457,20.54345163558899,22.740207371327575,19.277936512652804,28.19293773981055,21.875081224825035,22.75886948802903,23.366539055901832,23.808782006244098,29.554648039376666,29.24737123628512,27.270625464508228,21.31887586588666,21.159640012166268,21.893430457005444,23.73978388716036,27.270510520540203,20.236776712503204,19.76340053062638,23.08668118807265,26.8974130777829,23.42962314402493,27.602880765174447,23.33195111235221,19.644538009480886,29.714314948138576,31.314957093832504,26.016476015403327,22.273541860402954,25.70019106011254,26.402573658650503,24.27584724417009,28.000349155937823,23.006869059703636,22.728237616627013,27.825675257302777,23.53892311161279,20.75557721641125,27.06151916602348,21.093998173903632,26.999732970752284,23.842244692288503,28.499988512294607,25.680082817162575,15.220648852530859,29.328348329627623,33.304782680193604,25.69820194225221,20.18332906583416,27.44377494644593,23.316433889549163,24.283080462213753,23.462681654367533,19.759124560075037,23.438101483799358,27.14914189003583,19.62709326187604,27.882248085698745,19.85143039963265,30.827876904403343,25.280468387983973,26.105073415692356,26.928305208116953,21.410397553047783,30.345227366687357,28.345336695157286,20.32268969394192,23.176907229618173,20.895336474840047,29.823135174064497,23.026570090521542,24.945184536681463,21.714639705149906,25.99319191484495,26.692696954077952,22.466080755911776,21.23068952101372,25.8961323879696,25.419489881889024,19.93144799650057,22.87303953324648,20.102993846398228,25.354913748682986,25.17629634033742,28.790636265032994,22.67221102725429,23.07327731324092,24.987400949669695,19.675753004489966,19.946211849190966,20.41850624085806,28.891097405884782,21.142603080781157,29.120972759319173,34.38912015366931,23.169299607763826,27.353721255075985,31.507252768660578,19.7120911240491,20.618531876159672,17.79190140156728,22.82045216368728,26.633158860784107,18.09668227880587,25.539748575984216,29.69056598192734,17.356318639964584,24.098678172905828,24.62367925737232,24.643557868950328,22.63352487071284,22.477029484078667,31.469542542865888,19.410538070298134,21.72293819264197
13,16.762109013529482,23.887324223226628,32.930139462123265,29.501793653447937,25.566674006364522,30.69473481293,37.10494664229083,34.38375292138219,28.134899824260906,37.598431072146205,46.792190861609214,26.853468227819466,40.52027811317355,29.17847060328869,25.89946064495412,24.386653247298185,24.581927654450052,40.5430485681393,34.743535519502714,36.60236459896893,33.89508923749608,47.32971291583969,24.114652510786396,25.262692617007517,37.45600039839507,29.359081702435667,28.675231028683466,41.59125675811978,32.45281941624923,24.218248264596824,43.78614421963076,44.075686796876184,38.11763223282371,26.693004594175566,25.70335380806161,25.6979450315079,26.385902160517688,32.254473581969705,25.931183619245928,38.65788179736514,28.87836892989594,30.437931355001478,30.54939476957635,31.17427890470987,38.88450214868188,40.411008454149346,35.53438928396263,30.57400124795138,28.162697224642894,28.704919236545997,31.82861646888959,36.24334216847301,26.632258984042032,26.512846628012753,30.52948539875832,34.98650301166326,31.7730584187319,39.53290493227379,29.86887742724559,26.630006013356372,39.75235490029463,44.947398579857285,34.52359802738626,28.716101975100056,35.01217666765801,34.374969647922846,32.35665802644572,37.743784133598815,30.301067816027942,32.84621370522023,39.81975605707569,32.320067477581276,30.09787168862748,35.3131231424514,28.569191309823474,36.780638300272805,32.22084981833683,37.13636663083034,34.009663466645456,20.349312531769595,40.62589158613799,44.155078831444484,36.21226066873085,27.731900942703415,37.31565138363295,31.181784879037746,33.367586419289786,31.65343235099493,26.523873376358484,32.55589031068619,37.256339115805226,25.287954288462508,40.04843631570634,26.360370981753142,40.86433421268403,35.19304348113067,33.68055220924622,37.449320928369616,27.697309372325314,41.14985009615445,40.36913192314801,27.058655144090825,30.13470410064229,30.432121810452433,40.872369361257924,30.201388047423023,35.339288271770634,30.378507780175763,34.9972394552558,37.02504638012389,32.06329161030891,30.940415513432114,37.758446496732304,37.083441960873664,28.77331353846019,31.398927868515973,28.652399126465955,35.41681143824696,32.661308904706445,41.3507399694339,29.00149638146977,32.77168640172775,34.0590294866531,26.1510016451977,28.801621665770742,26.019957180939258,39.26333700423545,29.46902194732786,40.115191079516265,45.861615921299354,30.702002061779673,37.96951695072222,43.0693645254324,27.897589528364595,29.795061460084746,24.162452723673546,32.12469905016084,36.19423105848349,24.609362718885194,36.54950260188069,42.72241809967051,22.551255694647057,32.227908367874925,33.73216688781868,32.673790631538964,30.415840775317353,31.47137966133755,43.857364790213566,26.59386337131135,30.949868892115695
14,24.18475828897669,31.429944772220754,47.754309290906846,38.06947644422817,34.18025483499859,43.45244624465966,51.44443256047403,47.358405710798365,36.41427486163169,54.72507309060699,64.57652745846651,34.77103303734897,51.45576812025113,37.29840095181581,33.96912283195751,31.298006426392785,34.66958215136164,54.45353444952133,48.65226040526138,48.28300684145113,44.361367274153615,64.88418554594362,33.528127396043445,36.29878909422043,50.78749283435614,40.39942492809826,36.90048170043692,57.14604860180525,45.47148434408754,31.94214841676502,60.19682998540356,61.76500443237585,51.090458164508554,36.18567772013438,34.465632752835745,34.18025862670691,33.853976134005514,45.77082840287342,34.891399616077294,53.02520837451671,38.131106746466386,40.6867598024351,39.906570777060345,40.839094828058684,51.16045710010156,55.86312147124935,46.30381919862737,43.85629136117051,37.496682914587616,37.68105017992765,42.731509986769645,48.15800833463151,35.04496886144402,35.502493520240556,40.36327612919888,45.47307072200955,43.10059758955169,56.625590749306916,38.22047521873041,36.1005391723909,53.19649318687126,64.54418179350448,45.786354500626786,37.03950096513896,47.669306998000536,44.7379887071529,43.142083156349685,50.87349815778518,39.920223432071765,47.49145914316021,57.005413872551095,44.37571579482521,43.66922247465628,46.02979356898596,38.636782737169874,50.128319802750944,43.54618101623876,48.393169140009,45.07901961294594,27.181186529458664,56.36208770779126,58.514550814197975,50.9835633775702,38.12508774417795,50.70523662146605,41.66966500841717,45.8334621692488,42.68288444661154,35.565194786383366,45.233870731439964,51.09614447890906,32.58010626607719,57.544324201024295,34.99295651311424,54.178821305890416,49.006811540112516,43.45766989148852,52.116754954264366,35.86455887213374,55.77182855610607,57.524988931312336,36.03069408087209,39.2162309956712,44.31643030353079,56.02433287118548,39.600393694887806,50.07928727889951,42.50329593291046,47.155744877857295,51.41227704462414,45.91065101631139,45.04981750171855,55.097764819414195,54.10640788665046,41.61868361526459,43.100153656587445,40.85714648383688,49.517960110373494,42.36750291386574,59.460774739720264,37.09082469408036,46.602493277809785,46.40663765708922,34.73947835861183,41.67807703340634,33.12525236558627,53.41211323700872,41.11808927003688,55.357424798909655,61.12283353641886,40.72936999557217,52.73353337832237,58.979895351255855,39.50076562379959,43.08957669308914,32.85213846803963,45.22329799888147,49.169666506090536,33.495356374371106,52.32298235461317,61.439809147922034,29.309642538532287,43.08709278530504,46.20702543118225,43.354332061066955,40.91682197255149,44.05865893001068,61.12072635777442,36.47846267888533,44.13763145817278
15,34.89470819817634,41.347525052326525,69.302124356744,49.09382207885812,45.71732575559064,61.54910088301615,71.34867227852597,65.18426211195975,47.100852207801125,79.66063937399313,89.127474438485,45.00295099432241,65.3441220625425,47.65538913359696,44.52384370802299,40.15963997301453,48.90509034578645,73.1520814184195,68.12337653107554,63.69870845625308,58.05473562290809,88.93918985871065,46.64916047044421,52.21967084656137,68.90990620605326,55.552923520623466,47.48527794995742,78.49844960693115,63.78829876001164,42.17352175900077,82.76322678149128,86.58825504159515,68.48086573103546,49.02735288375192,46.216134162964515,45.467009919845,43.4031498751231,64.9700758927919,46.95620032008449,72.74572465030101,50.354662678705225,54.36681114877109,52.098221197585595,53.517494948588805,67.31215162440735,77.24740687716566,60.33844503058265,62.91584956492973,49.93596897917893,49.50492069306871,57.421104496641554,63.98048665912991,46.11226691468331,47.481208893668864,53.35776157424378,59.06917364129226,58.478352601449316,81.11254849251635,48.89278039191957,48.93970605818244,71.19844717437189,92.71007141129137,60.7015258114953,47.78989673520562,64.87499933925038,58.20812589229772,57.53374602197214,68.56657845560989,52.603978505524715,68.68563459042555,81.62540373723888,60.92608855867119,63.379453472271614,59.95084105884223,52.20043284020272,68.34118434432618,58.85369579908942,63.06553340720909,59.78515309118509,36.281295054744184,78.27401173188936,77.51747082358148,71.7388742808631,52.43254708491666,68.8683811604854,55.65677148060545,62.938555458638795,57.53686992163981,47.651266441374034,62.859951880476544,70.04951761686074,41.974344266580296,82.70011118681884,46.44288570545016,71.84037968754532,68.25531959237827,56.07700047062422,72.55900723624298,46.47083348588121,75.56311566319783,81.99604122212625,47.9803000029128,51.06806997210113,64.5310801008252,76.80054494482741,51.91409820322682,70.9793704604065,59.470178622884866,63.56731275049068,71.44088385615802,65.87899966741935,65.55424396233593,80.43710855801065,78.94733916966915,60.27453056106536,59.15878448715,58.27814705348076,69.27568434148591,54.95405653634355,85.56461659745429,47.42899376353767,66.3221815559699,63.21395202751252,46.13363512064633,60.39559089800295,42.13931390338952,72.70658406797652,57.41177732814991,76.47903629025278,81.42457638515253,54.07342342424293,73.26188919582232,80.86794405171796,55.94446738757895,62.34617753676854,44.70263920864115,63.66242636524337,66.7791421149583,45.61542583092679,74.9183909070491,88.32610739029025,38.10146779192401,57.59034436430339,63.29278527723923,57.556347039403505,55.07915585997188,61.67532849712305,85.17805330275,50.07709265236522,62.98223288106398
16,50.34781022886547,54.38843697051841,100.6181438979321,63.28111229929045,61.1681162928128,87.21561845564185,98.9740349179752,89.6779458055395,60.896375390695304,115.96345902811504,123.01696836266736,58.22678501396999,82.98228946656079,60.866135512611244,58.33083708351004,51.52411536299834,68.99222442909745,98.28405916323946,95.38161244900286,84.04295906223246,75.96937746709865,121.89998860720588,64.9338016886689,75.18194418590792,93.54140959678566,76.35498757640808,61.105148718205776,107.80975842053012,89.55224204244067,55.72258972279421,113.79326587139687,121.41768188954785,91.79240505393409,66.40211668487017,61.97334882521207,60.48478157368351,55.615544745880975,92.23907391129715,63.19949009489805,99.81048360264899,66.5018179723667,72.62838498723889,67.98494502988561,70.1462789016312,88.56292069894968,106.8379174971599,78.62788620661975,90.26344219378818,66.51228690434998,65.07548227810733,77.20649938677165,84.99335532794693,60.672666732293045,63.4477944028432,70.52965217377559,76.69795808424551,79.35327200465444,116.19019460790659,62.53236569873503,66.34520028510147,95.30002136183164,133.18750219130433,80.45677704238273,61.67259371374888,88.26550234848709,75.71671265152712,76.73442708998235,92.40900025550852,69.32721271271258,99.35351980777783,116.89198814184748,83.64627325453017,92.00137207971092,78.03702010941046,70.47844045802563,93.19036106123531,79.54285755007609,82.18920478400476,79.31916446179113,48.40255094272753,108.7787635085117,102.66521056897287,100.90473404625895,72.12644502540982,93.50902976718149,74.31264993450509,86.4089325081023,77.54326385211512,63.80956528953135,87.36323978010586,96.00817426373533,54.076700857752144,118.86552347670325,61.6299756284503,95.26665625549208,95.07506171195391,72.3644460568492,101.04488151185697,60.241288367014036,102.35378783427991,116.89538902933752,63.89478184651853,66.53336093954726,93.96266786538155,105.28693914699637,68.04694427726616,100.61133315176878,83.2118385501186,85.71420087623913,99.31832964797196,94.66333930278773,95.35358640466141,117.46194700859505,115.1939748424685,87.36358310464753,81.19713005977727,83.14290647988773,96.95493595296907,71.27592871560998,123.18322473154151,60.64073999349324,94.43384026416238,86.09221696360666,61.25228275055147,87.59793250977634,53.57626315193106,99.01287236539525,80.19828412594329,105.73896451143409,108.43249018449272,71.82709230152012,101.80109056903406,110.97311422876511,79.24481241932878,90.23496417002023,60.8612891317625,89.61863957713798,90.67789305507952,62.14306847360397,107.2835329790933,126.94891993286502,49.53791368106216,76.95861817828906,86.69367717634967,76.4376750094067,74.17334888601772,86.33195185716275,118.70251133454414,68.78226721849698,89.9061664827901
17,72.64442033242162,71.5371015057698,146.12579376127894,81.54039068304535,81.85823608064965,123.61513507067387,137.31281228098993,123.33602810271518,78.70701275651804,168.81330921200856,169.79499626229082,75.31865151861157,105.38210704726256,77.71757137111855,76.39394422362031,66.09978223325561,97.33485904333206,132.06059858505864,133.5413420196676,110.89059965636815,99.40636025131151,167.06227639130168,90.4103140953023,108.29462904383216,127.01651260203718,104.91390205983177,78.62935769333959,148.04694845859495,125.78448283036968,73.66184218576468,156.4601759334243,170.28232099845624,123.04042625517454,89.91240408015616,83.1029432702932,80.46623518329407,71.2355723530485,130.96726342092285,85.06698336584644,136.95176840624714,87.83099840625951,97.00736835755919,88.68857856463947,91.95413650770769,116.5222201710459,147.78093560075507,102.46165890892867,129.50108541939156,88.60023696775038,85.5759345321978,103.8497740571147,112.899977622229,79.82928881506253,84.73434659106888,93.22235442337981,99.55645033587913,107.68923524835068,166.4367264034356,79.96557714618336,89.94065264169208,127.5650967747005,191.35301900131466,106.62538080492165,79.5982302897252,120.06559845296113,98.47433624969578,102.34864436042388,124.53774643171656,91.3751586722379,143.7260598537009,167.40543306877285,114.83592725861601,133.56047829447226,101.53695043300812,95.11329778151936,127.09191617362298,107.50515528658956,107.11384930281633,105.2625917391754,64.5481446783162,151.2398630338662,135.94489864688538,141.8911840091642,99.23279334305504,126.93923056451997,99.19760650758431,118.61310655620346,104.4907724285566,85.41432497483703,121.42517355843549,131.56361145325894,69.66780084939789,170.85506754863192,81.77417679006965,126.33772307085519,132.4425193967462,93.38551544247395,140.73524453281888,78.11718021292124,138.62156006244413,166.66184085586346,85.08893534459636,86.71182822724666,136.81331779194966,144.3432270213463,89.18379094374816,142.62088513979242,116.43236529892746,115.5961366563869,138.11615037928365,136.14568175232313,138.66228085929575,171.55539719322138,168.0806633610461,126.6924675277778,111.44155351938403,118.63015379336896,135.72773652791798,92.441993195171,177.38894760168174,77.52445363548209,134.5045152354445,117.2347937123509,81.31471053606819,127.12543051341443,68.08868471448706,134.8743930363557,112.06145172634447,146.26481184987648,144.36281884211198,95.4438294232996,141.47368413172367,152.3744864536804,112.2581683727622,130.62187978997824,82.8919886125606,126.15560939509854,123.11230542214044,84.67818492805723,153.64009098162833,182.433260914908,64.41374018411555,102.82260197919999,118.74370431521461,101.53715993864985,99.9116991543462,120.84237621180478,165.4189838101345,94.50865760068483,128.36952139084534
18,104.81476232608492,94.08812519558745,212.25141648246782,105.0419311423512,109.56236682169614,175.23234550410672,190.5171040744003,169.58954118244534,101.70291152916346,245.74964181771242,234.3612625802432,97.41132572259552,133.82853836216304,99.21379612733897,100.02671246390518,84.79501102601262,137.32443982351055,177.45305410590043,186.96160305743902,146.31969290511475,130.06818195090048,228.9416250401348,125.90393633068926,156.03934364487134,172.50707687880677,144.1245493933737,101.17638289478221,203.28289838226513,176.7320331069701,97.41086689251455,215.1267245582368,238.8335062576331,164.92622476631504,121.7268033321207,111.43614391044284,107.05132133538545,91.21550996496481,185.96747897152463,114.50474633107277,187.91875426619194,116.00433845593444,129.5544230141273,115.67145499456912,120.55234441261491,153.30730104934193,204.42924457818566,133.52009600358272,185.7959097633107,118.03117126970673,112.5635776855719,139.72276572316557,149.96265551729218,105.03337241956673,113.11748669713312,123.21118242413417,129.1970067269997,146.15167196089706,238.40884455051992,102.24867067449547,121.92703390601788,170.7563225509492,274.92962021273405,141.2916003029832,102.74248783484354,163.3002768241377,128.05462005995912,136.5167242115168,167.83227136817146,120.44220178434173,207.92275740806105,239.75261419472858,157.65186913694208,193.9003599574001,132.07342736922845,128.31940026802081,173.3416039155698,145.29691591506008,139.5984430983766,139.71535028802566,86.05467438042041,210.33761006313406,179.9864856495577,199.49029768421008,136.53973811572519,172.29607133714126,132.39327149593726,162.80103650372953,140.78889474562024,114.30347950717145,168.77266407072977,180.26568001101842,89.75332798247435,245.587242498006,108.49367041717723,167.54695533255864,184.5041681683413,120.51523093111051,196.03341399485032,101.32011688565427,187.72096446154666,237.62363909406525,113.31370730702244,113.0379851485647,199.1995696279531,197.88961084419262,116.87700246414204,202.17574710133633,162.91475308620363,155.91071737851334,192.10790623949012,195.9174203620328,201.60474010976736,250.5791984582371,245.2433997348562,183.78568645907063,152.94725283484163,169.27578594058758,190.0362559580994,119.89032326510784,255.48820277170995,99.10045952905256,191.61723023189566,159.62745757667736,107.93903454836872,184.55609280735834,86.50487110748799,183.7575374298017,156.61343258426453,202.38621994785854,192.16437648484748,126.85654761394457,196.6195738212922,209.30499081021705,159.03092472802382,189.10373650595997,112.92638372768943,177.5850364484399,167.13103793665107,115.40181608347929,220.03344256892322,262.14079838228844,83.76249400049738,137.36009068725215,162.63935861263857,134.90001011458835,134.60174928937442,169.14441304668495,230.51760249393658,129.88885657265672,183.3140022286716
19,151.2304649590978,123.74381226070882,308.3302352548111,135.29234309730586,146.65636763967902,248.4253363887691,264.348006842123,233.1535607061567,131.3951078481197,357.7453456735793,323.4778596609223,125.96933365403342,169.9534446387682,126.63597106456095,130.94799074250628,108.77486008258063,193.74545547014753,238.4540156934557,261.74256137869173,193.07221907446433,170.18223769611046,313.7246161039109,175.3497987027284,224.8756011877078,234.32242052472697,197.96175039776932,130.18530159832923,279.1083247884395,248.36447773265667,128.84858040216955,295.790684860717,334.9972683570616,221.0703698517258,164.7799928390333,149.42832888604883,142.42181515404022,116.77369472333251,264.0730317473851,154.13218192049476,257.8555690745897,153.21716964822394,173.00743752497223,150.83969922870756,158.05360565097376,201.70326649472108,282.80428952511477,173.99275752353515,266.5592733297857,157.2448573416098,148.08795560945524,188.0179429856442,199.18594070969044,138.19416445527943,150.9667202970234,162.8422547329727,167.63285039162443,198.3580025573358,341.4955082021247,130.73184856352128,165.28775356926045,228.57153583392423,395.00847189278767,187.21669069559,132.6231806318325,222.08242854116708,166.5030743096708,182.0935022118665,226.1723471331046,158.76198555404864,300.7929208517893,343.36303229634893,216.42708026568803,281.5027300345552,171.75554813836234,173.08214165701588,236.43491062010162,196.3727099322383,181.93542622754188,185.4655545590816,114.70286117093318,292.5840497644612,238.27055085571067,280.4358708157413,187.88414537033506,233.83585810604427,176.6766960158849,223.4319348195837,189.68329789737925,152.9350275881726,234.58517998513454,246.9765249586676,115.6288850633497,353.0018582541919,143.93487164368779,222.20100292178554,257.035933483419,155.52815364430185,273.0729416685759,131.43540045396807,254.19336600425322,338.8013814837079,150.90080617413045,147.38304543710402,290.0231607257389,271.29949865355746,153.16048007441117,286.6003848799667,227.95080104369998,210.29662022534262,267.23903849453336,282.0311371538097,293.0798597928081,366.01282018735424,357.82045089240773,266.65994704888,209.90662828837034,241.55175538377037,266.10090398882494,155.4857756525093,368.00380714422937,126.67271537431265,273.01468457721376,217.33452137305298,143.27265154562267,267.9908090425401,109.8761313873667,250.38636863400038,218.90364953515564,280.09590198043105,255.76055914334927,168.6356175007793,273.2701264122932,287.5831862492388,225.29477668497847,273.78201136751005,153.86990298821246,249.97406428328034,226.87141795072085,157.28692973658028,315.1192707185881,376.6447254973489,108.92831200205023,183.47936054961326,222.7580927537137,179.24432526105528,181.3529410675529,236.748445933523,321.2295794345414,178.5424340072314,261.7965254198527
20,218.19797022205785,162.74241543353418,447.9212045579985,174.23114246922634,196.32077180403638,352.20747953686424,366.7985492333868,320.50735987164563,169.7348180636478,520.7679523330597,446.4763497193369,162.88600896587346,215.8291508151339,161.61870635801944,171.40695951119898,139.53368919828014,273.34722720399014,320.42774079467387,366.4193972247256,254.76599467392555,222.66229207905545,429.88653310112204,244.2285112819721,324.1124365814734,318.3167759448053,271.88283715212845,167.50761394048484,383.19691678738155,349.0714429947045,170.46172396440562,406.69680646615143,469.8884461728388,296.32530230363994,223.0432038209394,200.37153569783686,189.48020324105875,149.46887449607257,374.98465807406177,207.47479027471027,353.819712817778,202.3689896192853,231.02170262653857,196.67784724610925,207.22784596712924,265.3735036512285,391.2351633913398,226.7326550206381,382.41967932032946,209.49143415799318,194.84625981876746,253.0320127274049,264.559975643168,181.8234783524183,201.44228492311063,215.21591848275807,217.47482959540855,269.2173378430613,489.1389092662323,167.1410634659602,224.0665320686586,305.96002948432306,567.5132167401196,248.058728428933,171.19974539447512,302.00382592417577,216.47851327598326,242.88652445558375,304.7852614229034,209.2788421436396,435.1299730639653,491.73205770465876,297.1082489660066,408.6762707411981,223.32438175845087,233.42626191045343,322.5033543637997,265.4006277762885,237.11236470203264,246.2149208197427,152.86499740487517,407.0389360075945,315.40320320001905,394.189276109661,258.54584548999185,317.33305813606677,235.7525090771714,306.62381822441034,255.5458028353488,204.5960921588175,326.06001503225735,338.3550920485971,148.96347786060505,507.3753569299096,190.94477100461413,294.68482697251153,358.08275983663634,200.71441873424058,380.39651110950604,170.52016280384558,344.1864272245846,483.05116499024166,200.95518514876443,192.1877759115523,422.23634847041967,371.93731705110923,200.69896490002046,406.27489913729113,318.94188068925024,283.66146897148354,371.78002437911806,406.08218044866345,426.0156496801493,534.6137609054772,522.0560665409365,386.94655826097187,288.07222977485975,344.691357478191,372.6312269231732,201.64654965856394,530.0877905470761,161.90762113671383,389.01564500801385,295.88813427638047,190.16529445315751,389.19220316464873,139.53684024152,341.198529142256,305.990158713913,387.6869755808878,340.37120527569283,224.1988269961571,379.80655538709016,395.2062486324596,319.1678284973229,396.3814475079494,209.6825074110412,351.8583641206489,307.9478863144416,214.38562385927563,451.288485921743,541.1283172149733,141.6592735661216,245.063941386495,305.0941664595668,238.1822915784078,244.3549368645051,331.3647126297642,447.6288944537691,245.4456740709116,373.89300471598165
21,314.8139821129374,214.02672442785754,650.714307630182,224.35500910087737,262.8130347625176,499.3549125114158,508.957392009858,440.5537997441046,219.24161550798863,758.0482038542814,616.2327996218409,210.60893552474096,274.08720392358737,206.24748014003643,224.3466677051229,178.98825117783505,385.6500253471827,430.5805921237669,512.9312759949979,336.1741274445643,291.3196736592598,589.036938188984,340.1723707469588,467.1628280683611,432.4423851271413,373.38004792917735,215.52534193236573,526.0804900019662,490.64144524271546,225.54133320134545,559.177264408715,659.0909280685697,397.19407106651045,301.89003387920667,268.67921486282484,252.08753888802903,191.29525966875164,532.4713161763807,279.2772593658788,485.4927788240417,267.2891894016052,308.477090024213,256.4242612546933,271.70642272520763,349.1362097421952,541.2418538910794,295.4571267253046,548.6157381698021,279.1002866072085,256.387748121361,340.5473251631967,351.3835113010564,239.2258420442157,268.75896863704753,284.4290221795808,282.10867446000435,365.39115919065034,700.5794171828087,213.68254083438651,303.7438111713308,409.5455917640086,815.2961583825801,328.6637538099154,221.0016256538628,410.66642551809616,281.43676584993614,323.9735433340477,410.71325394603133,275.87369345497507,629.4223657330238,704.167062214224,407.8557262241503,593.2789772168113,290.3422309742836,314.77749075558256,439.909179277873,358.6880443926499,309.022535459107,326.87789586126394,203.70131296227055,566.3048342527752,417.47970445642005,554.0424877784167,355.78989397978773,430.6212261169503,314.56248296359433,420.7699244495733,344.2648001572968,273.68241003885237,453.19689381604866,463.5201646457449,191.9070318385481,729.2045401459247,253.29942806291334,390.81297557476023,498.84859568773305,259.0293722670033,529.9004879036089,221.2436645199975,466.02160389517576,688.6910300877258,267.6112614979728,250.6357030218499,614.6787882561625,509.8947180415271,262.9835613686729,575.9074524882836,446.23797758452724,382.62371883262074,517.2339860934378,584.7637256946432,619.1887802409198,780.8348945848084,761.6357529478096,561.5173094489375,395.3367308806053,491.8652739046778,521.8201978536512,261.50825546626976,763.5517457218857,206.93468636703213,554.3189836457041,402.81792722003956,252.39858510124333,565.2352035751745,177.18063598149817,464.96615756085595,427.7376910916187,536.6333672907947,452.9406062635397,298.0904257643344,527.8738971007218,543.1640547953448,452.14663122017066,573.8658942934852,285.76118729531373,495.2434518077435,417.9787889172421,292.2203614873115,646.2748467838004,777.3899574783467,184.2287469446037,327.2993320750906,417.8550178466681,316.51397421405755,329.25241506129964,463.7800145628972,623.748042495001,337.4395592510678,533.9867922019628
22,454.1982187542412,281.465550311059,945.2951049805115,288.8776869118019,351.8317028959765,707.9744624135922,706.2059335113722,605.524593840518,283.1688878601561,1103.3736179337225,850.511683985399,272.3020708770137,348.06913219047533,263.18288538369404,293.6179421565124,229.59705378458088,544.081162616005,578.592323330838,717.9729398682634,443.59345149676136,381.13939898766114,807.07682019319,473.8087013597253,673.3475536843407,587.5000190304379,512.738303250166,277.302913196333,722.2118603189858,689.6346205181635,298.4426779855118,768.8053439228058,924.4494447921866,532.3911035737322,408.5911149098466,360.2677079816981,335.3796937850329,244.80408287871683,756.0714530445233,375.9244893639225,666.1544509107647,353.035051616002,411.8879423869365,334.29968852638245,356.24969446722565,459.3276532703844,748.7556279729889,385.009445334679,786.9886521827345,371.8379174566332,337.3826042598872,458.34465143141097,466.69267168412586,314.74858404594727,358.5378685616293,375.89491617257903,365.9247626088436,495.9178665317264,1003.3467911665574,273.1763471767862,411.7464946430603,548.1922490441771,1171.1338489738591,435.45134391637373,285.293928954543,558.4042165024774,365.86935631716176,432.1255899408751,553.4426546721782,363.6616789117646,910.374233158503,1008.276102726977,559.8657351592576,861.2109235655737,377.4385130779441,424.44987684170127,600.0556826965329,484.7563953211306,402.7392324022639,433.97858296617807,271.4214724207956,787.9094909229923,552.5653738012439,778.6654500541257,489.61226780424846,584.3262319945183,419.69825051393923,577.3836927487174,463.7707925803753,366.0719224882192,629.8863731957385,634.9572720237092,247.22886913787534,1047.8996918314517,336.0069063771951,518.2950730246241,694.934211838443,334.2865957431426,738.1483581423068,287.0692872070091,630.9616779209949,981.8127620077029,356.37394192196166,326.8789347561821,894.7404404358866,698.9977250635868,344.58777039893096,816.334306742452,624.308579751042,516.1080071558503,719.5971739812875,842.1006360265584,899.8606672658786,1140.3384637800436,1111.083651368108,814.8374506097019,542.5279780815395,701.8563646272829,730.7340894632617,339.13657907427137,1099.781269763691,264.4751256379802,789.8581275775622,548.3714364464669,334.9904957332785,820.8966200070772,224.95710701633544,633.6413174326011,597.9318646214141,742.8048364610698,602.7066147756505,396.3518908362766,733.6491683085541,746.5561189138378,640.5090995202825,830.7697933777758,389.4609787576184,697.0092015795723,567.3005990788281,398.31674447391094,925.4500852975599,1116.7148296418125,239.5931459187923,437.1090362606739,572.2769914059783,420.6174774501399,443.64964859486633,649.0822699435525,869.1300597771284,463.92748664979194,762.6038757911016
23,655.2688981007993,370.1445776570228,1373.1473090586792,371.93573469147987,471.0033984348608,1003.722004032595,979.8767164518256,832.2226007855397,365.71740051549335,1605.8640686572007,1173.8173125005842,352.0552492293258,442.0178155644889,335.8190808999941,384.25916222129325,294.51342969269297,767.57539435618,777.4627315988164,1004.8771219289217,585.3301236885078,498.641020167567,1105.7813616192054,659.9324703545125,970.4861137602489,798.1568873656331,704.0743212081569,356.7824820599541,991.421551647541,969.3058125294037,394.9290820489282,1056.9780568026915,1296.5748909526246,713.593009960384,552.9828038796578,483.0671227284278,446.1877249746172,313.25906926314525,1073.5008397174934,506.00753374034355,914.0166360620085,466.28510846397853,549.9498933841809,435.80501553292584,467.09748813480405,604.2791412961402,1035.8043098677392,501.69945712579835,1128.828351159359,495.3841068503596,443.9754423978472,616.892320060597,619.8299075313256,414.1107129939805,478.27535223724124,496.7660318073091,474.61594192124227,673.0591092201123,1436.8115677165033,349.22706123330386,558.1379517449511,733.7606225387618,1681.997456464454,576.9251634276521,368.2911641598108,759.2636714065783,475.61354467638785,576.3705400620486,745.750312901049,479.3841854640675,1316.5258935469715,1443.5071732994932,768.4963672053681,1250.0167839205758,490.6291731929039,572.3023434786818,818.4908771789787,655.1167486601446,524.8730328125624,576.1773304605866,361.6327549233975,1096.2247931853817,731.3314688362957,1094.2751073732275,673.7650213902189,792.8597484102098,559.9514084579696,792.2566126160859,624.7436372324518,489.6240479087503,875.4183794233973,869.7583787109934,318.4959997003515,1505.6254269439507,445.7088375534785,687.3525008310501,968.0575971060371,431.4068728653949,1028.195712148992,372.49053605618263,854.2483858590693,1399.563299443293,474.5724343672836,426.3325205215269,1302.214125533121,958.1833536590323,451.5027180432914,1157.0639178104066,873.3748833645583,696.146886875398,1001.1080968317704,1212.6543488750629,1307.5907533751413,1665.0922589418321,1620.6982957912646,1182.366230715243,744.4984117534224,1001.4424647142977,1023.2537403768818,439.8028664680911,1583.9125079576727,338.0061168774447,1125.4357348339568,746.493717512987,444.59907006950095,1192.1089986796183,285.5944698667826,863.5066913605367,835.8339680525926,1028.141538272717,801.9571974626152,527.0144081556651,1019.5997291246533,1026.1227826068734,907.2969461243779,1202.5567921671839,530.8044829974865,980.8769112117718,769.9358999846131,542.9286948135978,1325.09584317236,1603.9821522931531,311.5969991766916,583.7363713321424,783.7405259286179,558.9669501769486,597.7895604458615,908.3694867184731,1210.9858317996575,637.8331671001393,1089.023571541226
24,945.2978328279585,486.74812211349143,1994.4382635030065,478.8532167335447,630.5337645818734,1422.938144531607,1359.549367043983,1143.7255935359992,472.31091756333547,2336.88343450751,1619.9423986206584,455.154862070902,561.3203858956235,428.4858526196378,502.86212632305103,377.7818107755355,1082.8279117359768,1044.6463157446965,1406.2306902629907,772.3393697386259,652.3499638904739,1514.9634323892406,919.1355209962688,1398.611889785073,1084.3262447432223,966.7607546728905,459.0350678004245,1360.9129867483382,1362.2946861281937,522.6266431863785,1453.0851966088082,1818.3425599585762,956.4432934761764,748.3707205345411,647.70516957504,593.596462201913,400.8352593453229,1524.0554747072724,681.0839588125243,1254.0496306842165,615.858265368068,734.2691492182056,568.1090925349436,612.4279554535432,794.9428675524272,1432.837827311492,653.7470065504953,1618.9310710625884,659.9651603025411,584.2499578783047,830.2718098285939,823.1987429921954,544.8353820652068,637.9681780162306,656.4917913485394,615.5634897610278,913.4459678790279,2057.2370320007158,446.44183569255046,756.5515163863943,982.1186957557535,2415.11874294329,764.3488739279727,475.4329617063357,1032.3349071981468,618.2549883149809,768.7434431824306,1004.8417058052194,631.9250528952573,1903.436817236073,2066.1656636951143,1054.8081388666806,1814.0810513144497,637.7315423090323,771.6230074247987,1116.4097727799274,885.3156973355445,684.0370041240335,764.9691421173692,481.80356704793866,1525.1279655889466,967.8957144738285,1537.6725220035771,927.1650590843813,1075.7646479808732,747.0464882289544,1087.0439410826518,841.5639506218065,654.8467364464279,1216.5706260886702,1191.3150517407225,410.3026487664509,2162.758964802805,591.2125967648774,911.5350733622164,1348.4427206783703,556.7392615682553,1432.1232921169553,483.3370218211781,1156.5043871056814,1994.7931928073901,631.9639842483343,556.0580688464792,1894.852677818147,1313.3790649437624,591.5759741584263,1639.868007561861,1221.681596567002,938.959832981429,1392.6720872363553,1746.1124303603735,1899.740517064022,2430.7350145280966,2363.7090043208987,1715.4614641859894,1021.6169857024311,1428.7819676719573,1432.782902061215,570.3411538734024,2280.8029429661688,431.97060442970974,1603.4617874695223,1016.158824833128,590.0575954927549,1730.9410014330022,362.5552246727015,1176.7409835994133,1168.3488306646339,1422.9579564792803,1067.0358587275912,700.7527358621669,1416.9189156656255,1410.341912515047,1285.1139761224238,1740.446530572897,723.4477499392159,1380.1584020884875,1044.9046069490205,740.0249595998348,1897.058588387424,2303.5277298865726,405.2395019907663,779.520562317383,1073.29364848808,742.820090328534,805.4671474728946,1271.1319506655573,1687.189678986537,876.914947235433,1554.9857134071742
